[
    {
        "name": "eBamatic",
        "dec": "0"
    },
    {
        "name": "250mV",
        "dec": "250"
    },
    {
        "name": "275mV",
        "dec": "275"
    },
    {
        "name": "300mV",
        "dec": "300"
    },
    {
        "name": "325mV",
        "dec": "325"
    },
    {
        "name": "350mV",
        "dec": "350"
    },
    {
        "name": "375mV",
        "dec": "375"
    },
    {
        "name": "400mV",
        "dec": "400"
    },
    {
        "name": "425mV",
        "dec": "425"
    },
    {
        "name": "450mV",
        "dec": "450"
    },
    {
        "name": "475mV",
        "dec": "475"
    },
    {
        "name": "500mV",
        "dec": "500"
    },
    {
        "name": "525mV",
        "dec": "525"
    },
    {
        "name": "550mV",
        "dec": "550"
    },
    {
        "name": "575mV",
        "dec": "575"
    },
    {
        "name": "600mV",
        "dec": "600"
    },
    {
        "name": "625mV",
        "dec": "625"
    },
    {
        "name": "650mV",
        "dec": "650"
    },
    {
        "name": "675mV",
        "dec": "675"
    },
    {
        "name": "700mV",
        "dec": "700"
    },
    {
        "name": "725mV",
        "dec": "725"
    },
    {
        "name": "750mV",
        "dec": "750"
    },
    {
        "name": "775mV",
        "dec": "775"
    },
    {
        "name": "800mV",
        "dec": "800"
    },
    {
        "name": "825mV",
        "dec": "825"
    },
    {
        "name": "850mV",
        "dec": "850"
    },
    {
        "name": "875mV",
        "dec": "875"
    },
    {
        "name": "900mV",
        "dec": "900"
    },
    {
        "name": "925mV",
        "dec": "925"
    },
    {
        "name": "950mV",
        "dec": "950"
    },
    {
        "name": "975mV",
        "dec": "975"
    },
    {
        "name": "1000mV",
        "dec": "1000"
    },
    {
        "name": "1025mV",
        "dec": "1025"
    },
    {
        "name": "1050mV",
        "dec": "1050"
    },
    {
        "name": "1075mV",
        "dec": "1075"
    },
    {
        "name": "1100mV",
        "dec": "1100"
    },
    {
        "name": "1125mV",
        "dec": "1125"
    },
    {
        "name": "1150mV",
        "dec": "1150"
    }
]