[
    {
        "name": "1600 - SYK-LOH eb1",
        "hex": "006a18"
    },
    {
        "name": "1734 - ECO ST3 eb2",
        "hex": "00771a"
    },        
    {
        "name": "1868 - ECO ST2 eb2",
        "hex": "00841c"
    },
    {
        "name": "1900",
        "hex": "00011D"
    },
    {
        "name": "1939",
        "hex": "00971D"
    },
    {
        "name": "1977",
        "hex": "002D1E"
    },
    {
        "name": "1996 - ECO ST1 eb2",
        "hex": "00781e"
    },    
    {
        "name": "2016",
        "hex": "00C31E"
    },
    {
        "name": "2054",
        "hex": "00591F"
    },
    {
        "name": "2092",
        "hex": "00EF1F"
    },
    {
        "name": "2131 - ST1 eb3",
        "hex": "008520"
    },
    {
        "name": "2169",
        "hex": "001B21"
    },
    {
        "name": "2208",
        "hex": "00B121"
    },
    {
        "name": "2246",
        "hex": "004722"
    },
    {
        "name": "2265 - ST2 eb3",
        "hex": "009222"
    },    
    {
        "name": "2284",
        "hex": "00DD22"
    },
    {
        "name": "2300",
        "hex": "601823"
    },
    {
        "name": "2323",
        "hex": "007323"
    },
    {
        "name": "2361",
        "hex": "000924"
    },
    {
        "name": "2400 - ST3 eb3",
        "hex": "009F24"
    },
    {
        "name": "2438",
        "hex": "003525"
    },
    {
        "name": "2476",
        "hex": "00CB25"
    },
    {
        "name": "2500",
        "hex": "A02526"
    },
    {
        "name": "2515",
        "hex": "006126"
    },
    {
        "name": "2534 - SPR1 eb4",
        "hex": "00ac26"
    },

    {
        "name": "2553",
        "hex": "00F726"
    },
    {
        "name": "2592",
        "hex": "008D27"
    },
    {
        "name": "2630",
        "hex": "002328"
    },
    {
        "name": "2665 - SPR2 eb4",
        "hex": "80ac28"
    },
    {
        "name": "2668",
        "hex": "00B928"
    },
    {
        "name": "2707",
        "hex": "004F29"
    },
    {
        "name": "2745",
        "hex": "00E529"
    },
    {
        "name": "2800 - SPR3 eb4",
        "hex": "80b92a"
    },
    {
        "name": "2784",
        "hex": "007B2A"
    },
    {
        "name": "2822",
        "hex": "00112B"
    },
    {
        "name": "2860",
        "hex": "00A72B"
    },
    {
        "name": "2899",
        "hex": "003D2C"
    },
    {
        "name": "2934 - LOH-C4C eb5",
        "hex": "80c62c"
    },
    {
        "name": "2937",
        "hex": "00D32C"
    },
    {
        "name": "2976",
        "hex": "00692D"
    },
    {
        "name": "3000",
        "hex": "C0C62D"
    },
    {
        "name": "3040",
        "hex": "c8632e"
    },
    {
        "name": "3078",
        "hex": "c8f92e"
    },
    {
        "name": "3117",
        "hex": "c88f2f"
    },
    {
        "name": "3155",
        "hex": "c82530"
    },
    {
        "name": "3193",
        "hex": "c8bb30"
    },
    {
        "name": "3232",
        "hex": "c85131"
    },
    {
        "name": "3270",
        "hex": "c8e731"
    },
    {
        "name": "3309",
        "hex": "c87d32"
    }
]