[
	{
		"name": "CPU Minimum Voltage",
		"offset": "48",
		"length": "3",
		"ref": "/switch/.packages/4Wizard/4Advanced/CPU/json/cpuv.json"
	},
	{
		"name": "CPU Maximum Voltage",
		"offset": "28",
		"length": "4",
		"ref": "/switch/.packages/4Wizard/4Advanced/CPU/json/voltage_mariko.json"
	},
	{
		"name": "dCPUv",
		"offset": "12348",
		"length": "4"
	},
	{
		"name": "CPU Boost Clock",
		"offset": "12",
		"length": "4"
	},
	{
		"name": "Low MHz Undervolt Mode",
		"offset": "40",
		"length": "1"
	},
	{
		"name": "High MHz Undervolt Mode",
		"offset": "12340",
		"length": "1"
	},
	{
		"name": "Speedshift",
		"offset": "12336",
		"length": "3",
		"ref": "/switch/.packages/4Wizard/4Advanced/CPU/json/SpeedShift.json"
	},
	{
		"name": "",
		"state": "filler"
	},
        {
		"name": "GPU Eco Mode",
		"offset": "44",
		"length": "1",
		"ref": "/switch/.packages/4Wizard/4Advanced/GPU/json/GPU_MODE.json"
	},
	{
		"name": "GPUv",
		"offset": "52",
		"length": "3",
		"ref": "/switch/.packages/4Wizard/4Advanced/GPU/json/GPUv.json"
	},
	{
		"name": "GPUv offset",
		"offset": "12448",
		"length": "4",
		"ref": "/switch/.packages/4Wizard/4Advanced/GPU/json/GPUv_offset.json"
	},
	{
		"name": "",
		"state": "filler"
	},
	{
		"name": "RAM MHz",
		"offset": "32",
		"length": "4",
		"extent": " MHz"
	},
	{
		"name": "RAM Vddq",
		"offset": "36",
		"length": "3",
		"extent": " mV"
	},
	{
		"name": "RAM Vdd2",
		"offset": "16",
		"length": "4",
		"extent": " mV"
	},
	{
		"name": "EMC Balance",
		"offset": "12352",
		"length": "4",
		"extent": "",
		"state": "no_skip"
	},
	{
		"name": "  eBm ST",
		"offset": "12436",
		"length": "4",
		"extent": ""
	},
	{
		"name": "EMC DVB Mode",
		"offset": "56",
		"length": "4",
		"extent": " mV",
		"state": "check_extent"
	},
	{
		"name": "Eba-shift",
		"offset": "12360",
		"length": "1"
	},
	{
		"name": "Core Timings",
		"offset": "60,64,68,72,76,80,84,12356",
		"length": "1"
	},
	{
		"name": "",
		"state": "filler"
	},
	{
		"name": "RAM Optimised Mode",
		"offset": "12524",
		"length": "2",
		"ref": "/switch/.packages/4Wizard/4Advanced/4IFIR Optimised/json/RAM_mode.json"
	},
	{
		"name": "GPUv offset",
		"offset": "12440",
		"length": "2"
	},
	{
   		 "name": "Vddq",
    		 "ini": "/config/4IFIR/emc_timings.ini",
    		 "section": "auto",
   		 "key": "eVDQ",
  		 "prefix": "Mode: ",
   		 "extent": " units"
  	},
	{
   		 "name": "Vdd2",
    		 "ini": "/config/4IFIR/emc_timings.ini",
    		 "section": "auto",
   		 "key": "eVD2",
  		 "prefix": "Mode: ",
   		 "extent": " mV"
  	}

]
