[
    {
        "name": "500mV",
        "hex": "F40100"
    },
    {
        "name": "505mV",
        "hex": "F90100"
    },
    {
        "name": "510mV",
        "hex": "FE0100"
    },
    {
        "name": "515mV",
        "hex": "030200"
    },
    {
        "name": "520mV",
        "hex": "080200"
    },
    {
        "name": "525mV",
        "hex": "0D0200"
    },
    {
        "name": "530mV",
        "hex": "120200"
    },
    {
        "name": "535mV",
        "hex": "170200"
    },
    {
        "name": "540mV",
        "hex": "1C0200"
    },
    {
        "name": "545mV",
        "hex": "210200"
    },
    {
        "name": "550mV",
        "hex": "260200"
    },
    {
        "name": "555mV",
        "hex": "2B0200"
    },
    {
        "name": "560mV",
        "hex": "300200"
    },
    {
        "name": "565mV",
        "hex": "350200"
    },
    {
        "name": "570mV",
        "hex": "3A0200"
    },
    {
        "name": "575mV",
        "hex": "3F0200"
    },
    {
        "name": "580mV",
        "hex": "440200"
    },
    {
        "name": "585mV",
        "hex": "490200"
    },
    {
        "name": "590mV",
        "hex": "4E0200"
    },
    {
        "name": "595mV",
        "hex": "530200"
    },
    {
        "name": "600mV",
        "hex": "580200"
    },
    {
        "name": "605mV",
        "hex": "5D0200"
    },
    {
        "name": "610mV",
        "hex": "620200"
    },
    {
        "name": "615mV",
        "hex": "670200"
    },
    {
        "name": "620mV",
        "hex": "6C0200"
    },
    {
        "name": "625mV",
        "hex": "710200"
    },
    {
        "name": "630mV",
        "hex": "760200"
    },
    {
        "name": "635mV",
        "hex": "7B0200"
    },
    {
        "name": "640mV",
        "hex": "800200"
    },
    {
        "name": "645mV",
        "hex": "850200"
    },
    {
        "name": "650mV",
        "hex": "8A0200"
    },
    {
        "name": "655mV",
        "hex": "8F0200"
    },
    {
        "name": "660mV",
        "hex": "940200"
    },
    {
        "name": "665mV",
        "hex": "990200"
    },
    {
        "name": "670mV",
        "hex": "9E0200"
    },
    {
        "name": "675mV",
        "hex": "A30200"
    },
    {
        "name": "680mV",
        "hex": "A80200"
    },
    {
        "name": "685mV",
        "hex": "AD0200"
    },
    {
        "name": "690mV",
        "hex": "B20200"
    },
    {
        "name": "695mV",
        "hex": "B70200"
    },
    {
        "name": "700mV",
        "hex": "BC0200"
    },
    {
        "name": "705mV",
        "hex": "C10200"
    },
    {
        "name": "710mV",
        "hex": "C60200"
    },
    {
        "name": "715mV",
        "hex": "CB0200"
    },
    {
        "name": "720mV",
        "hex": "D00200"
    },
    {
        "name": "725mV",
        "hex": "D50200"
    },
    {
        "name": "730mV",
        "hex": "DA0200"
    },
    {
        "name": "735mV",
        "hex": "DF0200"
    },
    {
        "name": "740mV",
        "hex": "E40200"
    },
    {
        "name": "745mV",
        "hex": "E90200"
    },
    {
        "name": "750mV",
        "hex": "EE0200"
    },
    {
        "name": "755mV",
        "hex": "F30200"
    },
    {
        "name": "760mV",
        "hex": "F80200"
    },
    {
        "name": "765mV",
        "hex": "FD0200"
    },
    {
        "name": "770mV",
        "hex": "020300"
    },
    {
        "name": "775mV",
        "hex": "070300"
    },
    {
        "name": "780mV",
        "hex": "0C0300"
    },
    {
        "name": "785mV",
        "hex": "110300"
    },
    {
        "name": "790mV",
        "hex": "160300"
    },
    {
        "name": "795mV",
        "hex": "1B0300"
    },
    {
        "name": "800mV",
        "hex": "200300"
    }
]
