[
    {
        "name": "700mV",
        "hex": "BC0200"
    },
    {
        "name": "705mV",
        "hex": "C10200"
    },
    {
        "name": "710mV",
        "hex": "C60200"
    },
    {
        "name": "715mV",
        "hex": "CB0200"
    },
    {
        "name": "720mV",
        "hex": "D00200"
    },
    {
        "name": "725mV",
        "hex": "D50200"
    },
    {
        "name": "730mV",
        "hex": "DA0200"
    },
    {
        "name": "735mV",
        "hex": "DF0200"
    },
    {
        "name": "740mV",
        "hex": "E40200"
    },
    {
        "name": "745mV",
        "hex": "E90200"
    },
    {
        "name": "750mV",
        "hex": "EE0200"
    },
    {
        "name": "755mV",
        "hex": "F30200"
    },
    {
        "name": "760mV",
        "hex": "F80200"
    },
    {
        "name": "765mV",
        "hex": "FD0200"
    },
    {
        "name": "770mV",
        "hex": "020300"
    },
    {
        "name": "775mV",
        "hex": "070300"
    },
    {
        "name": "780mV",
        "hex": "0C0300"
    },
    {
        "name": "785mV",
        "hex": "110300"
    },
    {
        "name": "790mV",
        "hex": "160300"
    },
    {
        "name": "795mV",
        "hex": "1B0300"
    },
    {
        "name": "800mV",
        "hex": "200300"
    },
    {
        "name": "805mV",
        "hex": "250300"
    },
    {
        "name": "810mV",
        "hex": "2A0300"
    },
    {
        "name": "815mV",
        "hex": "2F0300"
    },
    {
        "name": "820mV",
        "hex": "340300"
    },
    {
        "name": "825mV",
        "hex": "390300"
    },
    {
        "name": "830mV",
        "hex": "3E0300"
    },
    {
        "name": "835mV",
        "hex": "430300"
    },
    {
        "name": "840mV",
        "hex": "480300"
    },
    {
        "name": "845mV",
        "hex": "4D0300"
    },
    {
        "name": "850mV",
        "hex": "520300"
    },
    {
        "name": "855mV",
        "hex": "570300"
    },
    {
        "name": "860mV",
        "hex": "5C0300"
    },
    {
        "name": "865mV",
        "hex": "610300"
    },
    {
        "name": "870mV",
        "hex": "660300"
    },
    {
        "name": "875mV",
        "hex": "6B0300"
    },
    {
        "name": "880mV",
        "hex": "700300"
    },
    {
        "name": "885mV",
        "hex": "750300"
    },
    {
        "name": "890mV",
        "hex": "7A0300"
    },
    {
        "name": "895mV",
        "hex": "7F0300"
    },
    {
        "name": "900mV",
        "hex": "840300"
    }
]