[
    {
        "name": "800mV",
        "hex": "200300"
    },
    {
        "name": "805mV",
        "hex": "250300"
    },
    {
        "name": "810mV",
        "hex": "2A0300"
    },
    {
        "name": "815mV",
        "hex": "2F0300"
    },
    {
        "name": "820mV",
        "hex": "340300"
    },
    {
        "name": "825mV",
        "hex": "390300"
    },
    {
        "name": "830mV",
        "hex": "3E0300"
    },
    {
        "name": "835mV",
        "hex": "430300"
    },
    {
        "name": "840mV",
        "hex": "480300"
    },
    {
        "name": "845mV",
        "hex": "4D0300"
    },
    {
        "name": "850mV",
        "hex": "520300"
    },
    {
        "name": "855mV",
        "hex": "570300"
    },
    {
        "name": "860mV",
        "hex": "5C0300"
    },
    {
        "name": "865mV",
        "hex": "610300"
    },
    {
        "name": "870mV",
        "hex": "660300"
    },
    {
        "name": "875mV",
        "hex": "6B0300"
    },
    {
        "name": "880mV",
        "hex": "700300"
    },
    {
        "name": "885mV",
        "hex": "750300"
    },
    {
        "name": "890mV",
        "hex": "7A0300"
    },
    {
        "name": "895mV",
        "hex": "7F0300"
    },
    {
        "name": "900mV",
        "hex": "840300"
    },
    {
        "name": "905mV",
        "hex": "890300"
    },
    {
        "name": "910mV",
        "hex": "8E0300"
    },
    {
        "name": "915mV",
        "hex": "930300"
    },
    {
        "name": "920mV",
        "hex": "980300"
    },
    {
        "name": "925mV",
        "hex": "9D0300"
    },
    {
        "name": "930mV",
        "hex": "A20300"
    },
    {
        "name": "935mV",
        "hex": "A70300"
    },
    {
        "name": "940mV",
        "hex": "AC0300"
    },
    {
        "name": "945mV",
        "hex": "B10300"
    },
    {
        "name": "950mV",
        "hex": "B60300"
    },
    {
        "name": "955mV",
        "hex": "BB0300"
    },
    {
        "name": "960mV",
        "hex": "C00300"
    },
    {
        "name": "965mV",
        "hex": "C50300"
    },
    {
        "name": "970mV",
        "hex": "CA0300"
    },
    {
        "name": "975mV",
        "hex": "CF0300"
    },
    {
        "name": "980mV",
        "hex": "D40300"
    },
    {
        "name": "985mV",
        "hex": "D90300"
    },
    {
        "name": "990mV",
        "hex": "DE0300"
    },
    {
        "name": "995mV",
        "hex": "E30300"
    },
    {
        "name": "1000mV",
        "hex": "E80300"
    }
]