[
    {
        "name": "1",
        "dec": "1"
    },
    {
        "name": "2",
        "dec": "2"
    },
    {
        "name": "3",
        "dec": "3"
    },
    {
        "name": "4",
        "dec": "4"
    },
    {
        "name": "5",
        "dec": "5"
    },
    {
        "name": "6",
        "dec": "6"
    },
    {
        "name": "7 - Default",
        "dec": "7"
    },
    {
        "name": "8",
        "dec": "8"
    },
    {
        "name": "9",
        "dec": "9"
    }
]
