[
    {
        "name": "0 - Default",
        "dec": "0"
    },
    {
        "name": "1",
        "dec": "1"
    },
    {
        "name": "2",
        "dec": "2"
    },
    {
        "name": "3",
        "dec": "3"
    },
    {
        "name": "4",
        "dec": "4"
    },
    {
        "name": "5",
        "dec": "5"
    },
    {
        "name": "6",
        "dec": "6"
    },
    {
        "name": "7",
        "dec": "7"
    },
    {
        "name": "8",
        "dec": "8"
    },
    {
        "name": "9",
        "dec": "9"
    },
    {
        "name": "10",
        "dec": "10"
    },
    {
        "name": "11",
        "dec": "11"
    },
    {
        "name": "12",
        "dec": "12"
    },
    {
        "name": "13",
        "dec": "13"
    },
    {
        "name": "14",
        "dec": "14"
    },
    {
        "name": "15",
        "dec": "15"
    },
    {
        "name": "16",
        "dec": "16"
    },
    {
        "name": "17",
        "dec": "17"
    },
    {
        "name": "18",
        "dec": "18"
    },
    {
        "name": "19",
        "dec": "19"
    },
    {
        "name": "20",
        "dec": "20"
    },
    {
        "name": "21",
        "dec": "21"
    },
    {
        "name": "22",
        "dec": "22"
    },
    {
        "name": "23",
        "dec": "23"
    },
    {
        "name": "24",
        "dec": "24"
    }
]
