[
    {
        "name": "430mV",
        "hex": "ae0100"
    },
    {
        "name": "440mV",
        "hex": "b80100"
    },
    {
        "name": "450mV",
        "hex": "C20100"
    },
    {
        "name": "460mV",
        "hex": "cc0100"
    },
    {
        "name": "470mV",
        "hex": "d60100"
    },
    {
        "name": "480mV",
        "hex": "e00100"
    },
    {
        "name": "490mV",
        "hex": "ea0100"
    },
    {
        "name": "500mV",
        "hex": "F40100"
    },
    {
        "name": "510mV",
        "hex": "fe0100"
    },
    {
        "name": "520mV",
        "hex": "080200"
    },
    {
        "name": "530mV - RAM <= 1734Mhz",
        "hex": "120200"
    },
    {
        "name": "540mV",
        "hex": "1c0200"
    },
    {
        "name": "550mV",
        "hex": "260200"
    },
    {
        "name": "560mV - RAM 1862Mhz",
        "hex": "300200"
    },
    {
        "name": "570mV",
        "hex": "3a0200"
    },
    {
        "name": "580mV",
        "hex": "440200"
    },
    {
        "name": "590mV - RAM 1996Mhz",
        "hex": "4e0200"
    },
    {
        "name": "600mV",
        "hex": "580200"
    },
    {
        "name": "610mV",
        "hex": "620200"
    },
    {
        "name": "620mV - Default",
        "hex": "6c0200"
    },
    {
        "name": "630mV",
        "hex": "760200"
    },
    {
        "name": "640mV",
        "hex": "800200"
    },
    {
        "name": "650mV",
        "hex": "8A0200"
    },
    {
        "name": "660mV",
        "hex": "940200"
    },
    {
        "name": "670mV",
        "hex": "9e0200"
    }
]
