[
    {
        "name": "650mV",
        "hex": "8A0200"
    },
    {
        "name": "660mV",
        "hex": "940200"
    },
    {
        "name": "670mV",
        "hex": "9E0200"
    },
    {
        "name": "680mV",
        "hex": "A80200"
    },
    {
        "name": "690mV",
        "hex": "B20200"
    },
    {
        "name": "700mV",
        "hex": "BC0200"
    },
    {
        "name": "710mV",
        "hex": "C60200"
    },
    {
        "name": "720mV",
        "hex": "D00200"
    },
    {
        "name": "730mV",
        "hex": "DA0200"
    },
    {
        "name": "740mV",
        "hex": "E40200"
    },
    {
        "name": "750mV - Default",
        "hex": "EE0200"
    },
    {
        "name": "760mV",
        "hex": "F80200"
    },
    {
        "name": "770mV",
        "hex": "020300"
    },
    {
        "name": "780mV",
        "hex": "0C0300"
    },
    {
        "name": "790mV",
        "hex": "160300"
    },
    {
        "name": "800mV",
        "hex": "200300"
    },
    {
        "name": "810mV",
        "hex": "2A0300"
    },
    {
        "name": "820mV",
        "hex": "340300"
    },
    {
        "name": "830mV",
        "hex": "3E0300"
    },
    {
        "name": "840mV",
        "hex": "480300"
    }
]