[
    {
        "name": "710mV",
        "hex": "C60200"
    },
    {
        "name": "720mV",
        "hex": "D00200"
    },
    {
        "name": "730mV",
        "hex": "DA0200"
    },
    {
        "name": "740mV",
        "hex": "E40200"
    },
    {
        "name": "750mV",
        "hex": "EE0200"
    },
    {
        "name": "760mV",
        "hex": "F80200"
    },
    {
        "name": "770mV",
        "hex": "020300"
    },
    {
        "name": "780mV",
        "hex": "0C0300"
    },
    {
        "name": "790mV",
        "hex": "160300"
    },
    {
        "name": "800mV",
        "hex": "200300"
    },
    {
        "name": "810mV - Default",
        "hex": "2A0300"
    },
    {
        "name": "820mV",
        "hex": "340300"
    },
    {
        "name": "830mV",
        "hex": "3E0300"
    },
    {
        "name": "840mV",
        "hex": "480300"
    },
    {
        "name": "850mV",
        "hex": "520300"
    },
    {
        "name": "860mV",
        "hex": "5C0300"
    },
    {
        "name": "870mV",
        "hex": "660300"
    },
    {
        "name": "880mV",
        "hex": "700300"
    },
    {
        "name": "890mV",
        "hex": "7A0300"
    },
    {
        "name": "900mV",
        "hex": "840300"
    }
]