[
    {
        "name": "890mV",
        "hex": "7A0300"
    },
    {
        "name": "900mV",
        "hex": "840300"
    },
    {
        "name": "910mV",
        "hex": "8E0300"
    },
    {
        "name": "920mV",
        "hex": "980300"
    },
    {
        "name": "930mV",
        "hex": "A20300"
    },
    {
        "name": "940mV",
        "hex": "AC0300"
    },
    {
        "name": "950mV",
        "hex": "B60300"
    },
    {
        "name": "960mV",
        "hex": "C00300"
    },
    {
        "name": "970mV",
        "hex": "CA0300"
    },
    {
        "name": "980mV",
        "hex": "D40300"
    },
    {
        "name": "990mV - Default",
        "hex": "DE0300"
    },
    {
        "name": "1000mV",
        "hex": "E80300"
    },
    {
        "name": "1010mV",
        "hex": "F20300"
    },
    {
        "name": "1020mV",
        "hex": "FC0300"
    },
    {
        "name": "1030mV",
        "hex": "060400"
    },
    {
        "name": "1040mV",
        "hex": "100400"
    },
    {
        "name": "1050mV",
        "hex": "1A0400"
    },
    {
        "name": "1060mV",
        "hex": "240400"
    },
    {
        "name": "1070mV",
        "hex": "2E0400"
    },
    {
        "name": "1080mV",
        "hex": "380400"
    }
]