[
    {
        "name": "320mV",
        "hex": "400100"
    },
    {
        "name": "330mV",
        "hex": "4A0100"
    },
    {
        "name": "340mV",
        "hex": "540100"
    },
    {
        "name": "350mV",
        "hex": "5E0100"
    },
    {
        "name": "360mV",
        "hex": "680100"
    },
    {
        "name": "370mV",
        "hex": "720100"
    },
    {
        "name": "380mV",
        "hex": "7C0100"
    },
    {
        "name": "390mV",
        "hex": "860100"
    },
    {
        "name": "400mV",
        "hex": "900100"
    },
    {
        "name": "410mV",
        "hex": "9A0100"
    },
    {
        "name": "420mV - Default",
        "hex": "A40100"
    },
    {
        "name": "430mV",
        "hex": "AE0100"
    },
    {
        "name": "440mV",
        "hex": "B80100"
    },
    {
        "name": "450mV",
        "hex": "C20100"
    },
    {
        "name": "460mV",
        "hex": "CC0100"
    },
    {
        "name": "470mV",
        "hex": "D60100"
    },
    {
        "name": "480mV",
        "hex": "E00100"
    },
    {
        "name": "490mV",
        "hex": "EA0100"
    },
    {
        "name": "500mV",
        "hex": "F40100"
    },
    {
        "name": "510mV",
        "hex": "FE0100"
    }
]