[
    {
        "name": "545mV",
        "hex": "210200"
    },
    {
        "name": "555mV",
        "hex": "2B0200"
    },
    {
        "name": "565mV",
        "hex": "350200"
    },
    {
        "name": "575mV",
        "hex": "3F0200"
    },
    {
        "name": "585mV",
        "hex": "490200"
    },
    {
        "name": "595mV",
        "hex": "530200"
    },
    {
        "name": "605mV",
        "hex": "5D0200"
    },
    {
        "name": "615mV",
        "hex": "670200"
    },
    {
        "name": "625mV",
        "hex": "710200"
    },
    {
        "name": "635mV",
        "hex": "7B0200"
    },
    {
        "name": "645mV - Default",
        "hex": "850200"
    },
    {
        "name": "655mV",
        "hex": "8F0200"
    },
    {
        "name": "665mV",
        "hex": "990200"
    },
    {
        "name": "675mV",
        "hex": "A30200"
    },
    {
        "name": "685mV",
        "hex": "AD0200"
    },
    {
        "name": "695mV",
        "hex": "B70200"
    },
    {
        "name": "705mV",
        "hex": "C10200"
    },
    {
        "name": "715mV",
        "hex": "CB0200"
    },
    {
        "name": "725mV",
        "hex": "D50200"
    },
    {
        "name": "735mV",
        "hex": "DF0200"
    }
]