[
    {
        "name": "400mV",
        "hex": "900100"
    },
    {
        "name": "405mV",
        "hex": "950100"
    },
    {
        "name": "410mV",
        "hex": "9A0100"
    },
    {
        "name": "415mV",
        "hex": "9F0100"
    },
    {
        "name": "420mV",
        "hex": "A40100"
    },
    {
        "name": "425mV",
        "hex": "A90100"
    },
    {
        "name": "430mV",
        "hex": "AE0100"
    },
    {
        "name": "435mV",
        "hex": "B30100"
    },
    {
        "name": "440mV",
        "hex": "B80100"
    },
    {
        "name": "445mV",
        "hex": "BD0100"
    },
    {
        "name": "450mV",
        "hex": "C20100"
    },
    {
        "name": "455mV",
        "hex": "C70100"
    },
    {
        "name": "460mV",
        "hex": "CC0100"
    },
    {
        "name": "465mV",
        "hex": "D10100"
    },
    {
        "name": "470mV",
        "hex": "D60100"
    },
    {
        "name": "475mV",
        "hex": "DB0100"
    },
    {
        "name": "480mV",
        "hex": "E00100"
    },
    {
        "name": "485mV",
        "hex": "E50100"
    },
    {
        "name": "490mV",
        "hex": "EA0100"
    },
    {
        "name": "495mV",
        "hex": "EF0100"
    },
    {
        "name": "500mV",
        "hex": "F40100"
    },
    {
        "name": "505mV",
        "hex": "F90100"
    },
    {
        "name": "510mV",
        "hex": "FE0100"
    },
    {
        "name": "515mV",
        "hex": "030200"
    },
    {
        "name": "520mV",
        "hex": "080200"
    },
    {
        "name": "525mV",
        "hex": "0D0200"
    },
    {
        "name": "530mV",
        "hex": "120200"
    },
    {
        "name": "535mV",
        "hex": "170200"
    },
    {
        "name": "540mV",
        "hex": "1C0200"
    },
    {
        "name": "545mV",
        "hex": "210200"
    },
    {
        "name": "550mV",
        "hex": "260200"
    },
    {
        "name": "555mV",
        "hex": "2B0200"
    },
    {
        "name": "560mV",
        "hex": "300200"
    },
    {
        "name": "565mV",
        "hex": "350200"
    },
    {
        "name": "570mV",
        "hex": "3A0200"
    },
    {
        "name": "575mV",
        "hex": "3F0200"
    },
    {
        "name": "580mV",
        "hex": "440200"
    },
    {
        "name": "585mV",
        "hex": "490200"
    },
    {
        "name": "590mV",
        "hex": "4E0200"
    },
    {
        "name": "595mV",
        "hex": "530200"
    },
    {
        "name": "600mV",
        "hex": "580200"
    }
]