[
	{
		"name": "TABLE_BASE",
		"base": "7160,8896,10632,88",
        "base_increment": "56,56,56,4"
	},
	{
		"name": "> GPU Voltage Table",
		"state": "filler"
	},
	{
		"name": "",
		"state": "filler"
	},
	{
        "name": "307mhz",
        "offset": "0",
        "length": "4",
        "extent": "mV",
        "state": "no_skip"
    },
    {
        "name": "921mhz",
        "offset": "16",
        "length": "4",
        "extent": "mV"
    },
    {
        "name": "345mhz",
        "offset": "1",
        "length": "4",
        "extent": "mV",
        "state": "no_skip"
    },
    {
        "name": "960mhz",
        "offset": "17",
        "length": "4",
        "extent": "mV"
    },
    {
        "name": "384mhz",
        "offset": "2",
        "length": "4",
        "extent": "mV",
        "state": "no_skip"
    },
    {
        "name": "998mhz",
        "offset": "18",
        "length": "4",
        "extent": "mV"
    },
    {
        "name": "422mhz",
        "offset": "3",
        "length": "4",
        "extent": "mV",
        "state": "no_skip"
    },
    {
        "name": "1036mhz",
        "offset": "19",
        "length": "4",
        "extent": "mV"
    },
    {
        "name": "460mhz",
        "offset": "4",
        "length": "4",
        "extent": "mV",
        "state": "no_skip"
    },
    {
        "name": "1075mhz",
        "offset": "20",
        "length": "4",
        "extent": "mV"
    },
    {
        "name": "499mhz",
        "offset": "5",
        "length": "4",
        "extent": "mV",
        "state": "no_skip"
    },
    {
        "name": "1113mhz",
        "offset": "21",
        "length": "4",
        "extent": "mV"
    },
    {
        "name": "537mhz",
        "offset": "6",
        "length": "4",
        "extent": "mV",
        "state": "no_skip"
    },
    {
        "name": "1152mhz",
        "offset": "22",
        "length": "4",
        "extent": "mV"
    },
    {
        "name": "576mhz",
        "offset": "7",
        "length": "4",
        "extent": "mV",
        "state": "no_skip"
    },
    {
        "name": "1190mhz",
        "offset": "23",
        "length": "4",
        "extent": "mV"
    },
    {
        "name": "614mhz",
        "offset": "8",
        "length": "4",
        "extent": "mV",
        "state": "no_skip"
    },
    {
        "name": "1228mhz",
        "offset": "24",
        "length": "4",
        "extent": "mV"
    },
    {
        "name": "652mhz",
        "offset": "9",
        "length": "4",
        "extent": "mV",
        "state": "no_skip"
    },
    {
        "name": "1267mhz",
        "offset": "25",
        "length": "4",
        "extent": "mV"
    },
    {
        "name": "691mhz",
        "offset": "10",
        "length": "4",
        "extent": "mV",
        "state": "no_skip"
    },
    {
        "name": "1305mhz",
        "offset": "26",
        "length": "4",
        "extent": "mV"
    },
    {
        "name": "729mhz",
        "offset": "11",
        "length": "4",
        "extent": "mV",
        "state": "no_skip"
    },
    {
        "name": "1344mhz",
        "offset": "27",
        "length": "4",
        "extent": "mV"
    },
    {
        "name": "768mhz",
        "offset": "12",
        "length": "4",
        "extent": "mV",
        "state": "no_skip"
    },
    {
        "name": "1382mhz",
        "offset": "28",
        "length": "4",
        "extent": "mV"
    },
    {
        "name": "806mhz",
        "offset": "13",
        "length": "4",
        "extent": "mV",
        "state": "no_skip"
    },
    {
        "name": "1420mhz",
        "offset": "29",
        "length": "4",
        "extent": "mV"
    },
    {
        "name": "844mhz",
        "offset": "14",
        "length": "4",
        "extent": "mV",
        "state": "no_skip"
    },
    {
        "name": "MAXmhz",
        "offset": "30",
        "length": "4",
        "extent": "mV"
    },
    {
        "name": "883mhz",
        "offset": "15",
        "length": "4",
        "extent": "mV",
        "state": "no_skip"
    },
	{
		"name": "",
		"state": "filler"
	},
	{
		"name": "",
		"state": "filler"
	}
]
