[
    {
        "name": "0 - DEBUG",
        "hex": "00"
    },
    {
        "name": "1 - Default",
        "hex": "01"
    },
    {
        "name": "2",
        "hex": "02"
    },
    {
        "name": "3",
        "hex": "03"
    },
    {
        "name": "4",
        "hex": "04"
    },
    {
        "name": "5",
        "hex": "05"
    },
    {
        "name": "6",
        "hex": "06"
    },
    {
        "name": "7",
        "hex": "07"
    },
    {
        "name": "8",
        "hex": "08"
    },
    {
        "name": "9",
        "hex": "09"
    },
    {
        "name": "10",
        "hex": "0a0000"
    },
    {
        "name": "11",
        "hex": "0b0000"
    },
    {
        "name": "12",
        "hex": "0c0000"
    },
    {
        "name": "13",
        "hex": "0d0000"
    },
    {
        "name": "14",
        "hex": "0e0000"
    }
]
