[
    {
        "name": "eBamatic",
        "hex": "000000"
    },
    {
        "name": "250mV",
        "hex": "FA0000"
    },
    {
        "name": "275mV",
        "hex": "130100"
    },
    {
        "name": "300mV",
        "hex": "2C0100"
    },
    {
        "name": "325mV",
        "hex": "450100"
    },
    {
        "name": "350mV",
        "hex": "5E0100"
    },
    {
        "name": "375mV",
        "hex": "770100"
    },
    {
        "name": "400mV",
        "hex": "900100"
    },
    {
        "name": "425mV",
        "hex": "A90100"
    },
    {
        "name": "450mV",
        "hex": "C20100"
    },
    {
        "name": "475mV",
        "hex": "DB0100"
    },
    {
        "name": "500mV",
        "hex": "F40100"
    },
    {
        "name": "525mV",
        "hex": "0D0200"
    },
    {
        "name": "550mV",
        "hex": "260200"
    },
    {
        "name": "575mV",
        "hex": "3F0200"
    },
    {
        "name": "600mV",
        "hex": "580200"
    },
    {
        "name": "625mV",
        "hex": "710200"
    },
    {
        "name": "650mV",
        "hex": "8A0200"
    },
    {
        "name": "675mV",
        "hex": "A30200"
    },
    {
        "name": "700mV",
        "hex": "BC0200"
    },
    {
        "name": "725mV",
        "hex": "D50200"
    },
    {
        "name": "750mV",
        "hex": "EE0200"
    },
    {
        "name": "775mV",
        "hex": "070300"
    },
    {
        "name": "800mV",
        "hex": "200300"
    },
    {
        "name": "825mV",
        "hex": "390300"
    },
    {
        "name": "850mV",
        "hex": "520300"
    },
    {
        "name": "875mV",
        "hex": "6B0300"
    },
    {
        "name": "900mV",
        "hex": "840300"
    },
    {
        "name": "925mV",
        "hex": "9D0300"
    },
    {
        "name": "950mV",
        "hex": "B60300"
    },
    {
        "name": "975mV",
        "hex": "CF0300"
    },
    {
        "name": "1000mV",
        "hex": "E80300"
    },
    {
        "name": "1025mV",
        "hex": "010400"
    },
    {
        "name": "1050mV",
        "hex": "1A0400"
    },
    {
        "name": "1075mV",
        "hex": "330400"
    },
    {
        "name": "1100mV",
        "hex": "4C0400"
    },
    {
        "name": "1125mV",
        "hex": "650400"
    },
    {
        "name": "1150mV",
        "hex": "7E0400"
    }
]