[
    {
        "name": " 850mV",
        "dec": "850"
    },
    {
        "name": " 875mV",
        "dec": "875"
    },
    {
        "name": " 900mV",
        "dec": "900"
    },

    {
        "name": " 925mV",
        "dec": "925"
    },
    {
        "name": " 950mV",
        "dec": "950"
    },
    {
        "name": " 975mV",
        "dec": "975"
    },
    {
        "name": " 1000mV",
        "dec": "1000"
    },
    {
        "name": " 1025mV",
        "dec": "1025"
    },
    {
        "name": " 1050mV",
        "dec": "1050"
    },
    {
        "name": " 1075mV",
        "dec": "1075"
    },
    {
        "name": " 1100mV",
        "dec": "1100"
    },
    {
        "name": " 1125mV",
        "dec": "1125"
    },
 {
        "name": " 1150mV",
        "dec": "1150"
    },
 {
        "name": " 1175mV",
        "dec": "1175"
    },
 {
        "name": " 1200mV",
        "dec": "1200"
    }

]